,Model,Scenario,Region,Variable,Unit,Year,Value,OMCOST_p,FUELCOST_p,CAPCOST_p
0,REMIND-MAgPIE 1.7-3.0,NPi_v3,World,Fossils,EJ/yr,2010,49.853070177,0.0,0.0,0.0
1,REMIND-MAgPIE 1.7-3.0,NPi_v3,World,Fossils,EJ/yr,2020,60.682840123000005,2.7189882382999997,60.1188537873,37.1621579744
2,REMIND-MAgPIE 1.7-3.0,NPi_v3,World,Fossils,EJ/yr,2030,73.5282814131,1.9736398986,70.2463162198,27.7800438815
3,REMIND-MAgPIE 1.7-3.0,NPi_v3,World,Fossils,EJ/yr,2040,87.27411668749998,1.8156341461,73.5369601054,24.6474057485
4,REMIND-MAgPIE 1.7-3.0,NPi_v3,World,Fossils,EJ/yr,2050,106.85391219882,1.8681121603,71.8961758126,26.2357120271
5,REMIND-MAgPIE 1.7-3.0,NPi_v3,World,Fossils,EJ/yr,2060,134.14423254723,1.851222879,72.1129063091,26.0358708119
6,REMIND-MAgPIE 1.7-3.0,NPi_v3,World,Fossils,EJ/yr,2070,154.25002432818198,1.82148416,72.1741154511,26.0044003888
7,REMIND-MAgPIE 1.7-3.0,NPi_v3,World,Fossils,EJ/yr,2080,164.48166474,1.77913497,72.9040845705,25.3167804595
8,REMIND-MAgPIE 1.7-3.0,NPi_v3,World,Fossils,EJ/yr,2090,179.12484575,1.9090233722999999,71.60025476220001,26.490721865500003
9,REMIND-MAgPIE 1.7-3.0,NPi_v3,World,Fossils,EJ/yr,2100,192.54463078,1.8134772387,73.2984425736,24.888080187699998
10,REMIND-MAgPIE 1.7-3.0,NPi_v3,World,Renewables,EJ/yr,2010,15.1186281002,0.0,0.0,0.0
11,REMIND-MAgPIE 1.7-3.0,NPi_v3,World,Renewables,EJ/yr,2020,26.4810758263,3.5473359899,11.9452336502,84.5074303599
12,REMIND-MAgPIE 1.7-3.0,NPi_v3,World,Renewables,EJ/yr,2030,33.4573297262,4.9355969876,0.0,95.06440301239999
13,REMIND-MAgPIE 1.7-3.0,NPi_v3,World,Renewables,EJ/yr,2040,42.740929213470004,4.1738063555,1.032340038,94.7938536065
14,REMIND-MAgPIE 1.7-3.0,NPi_v3,World,Renewables,EJ/yr,2050,52.649944988590015,4.1185814643,0.954605941,94.9268125947
15,REMIND-MAgPIE 1.7-3.0,NPi_v3,World,Renewables,EJ/yr,2060,71.70330459006,3.6008375570999998,0.5522670104999999,95.8468954324
16,REMIND-MAgPIE 1.7-3.0,NPi_v3,World,Renewables,EJ/yr,2070,94.18745511121,3.3761557089,0.7887066881,95.83513760299999
17,REMIND-MAgPIE 1.7-3.0,NPi_v3,World,Renewables,EJ/yr,2080,116.14913027528,3.4565095444,0.4901538482,96.0533366075
18,REMIND-MAgPIE 1.7-3.0,NPi_v3,World,Renewables,EJ/yr,2090,134.72717407122,2.8624340438,0.5189227117,96.6186432445
19,REMIND-MAgPIE 1.7-3.0,NPi_v3,World,Renewables,EJ/yr,2100,154.18839681202004,2.6271654838,0.7568979070999999,96.6159366091
20,REMIND-MAgPIE 1.7-3.0,NPi_v3,Asia (No Japan),Fossils,EJ/yr,2010,18.9492058798,0.0,0.0,0.0
21,REMIND-MAgPIE 1.7-3.0,NPi_v3,Asia (No Japan),Fossils,EJ/yr,2020,24.1100221288,3.4113351449000002,55.3510830222,41.2375818329
22,REMIND-MAgPIE 1.7-3.0,NPi_v3,Asia (No Japan),Fossils,EJ/yr,2030,31.69774644,2.0987033613,68.5574974224,29.343799216300003
23,REMIND-MAgPIE 1.7-3.0,NPi_v3,Asia (No Japan),Fossils,EJ/yr,2040,37.53529254262,1.9826346953999998,72.249537404,25.767827900700002
24,REMIND-MAgPIE 1.7-3.0,NPi_v3,Asia (No Japan),Fossils,EJ/yr,2050,42.341849264446004,2.1341630716,69.4012995974,28.464537331
25,REMIND-MAgPIE 1.7-3.0,NPi_v3,Asia (No Japan),Fossils,EJ/yr,2060,52.63765138874852,2.2349774607,67.014986674,30.750035865300003
26,REMIND-MAgPIE 1.7-3.0,NPi_v3,Asia (No Japan),Fossils,EJ/yr,2070,59.16745608,2.6001305271,62.0784343652,35.3214351077
27,REMIND-MAgPIE 1.7-3.0,NPi_v3,Asia (No Japan),Fossils,EJ/yr,2080,61.1584366,1.8914117946,72.2789158149,25.8296723905
28,REMIND-MAgPIE 1.7-3.0,NPi_v3,Asia (No Japan),Fossils,EJ/yr,2090,66.07680300999999,1.8271274069999999,72.612568193,25.5603044
29,REMIND-MAgPIE 1.7-3.0,NPi_v3,Asia (No Japan),Fossils,EJ/yr,2100,67.18053664,1.6552756012,75.5690690833,22.775655315500003
30,REMIND-MAgPIE 1.7-3.0,NPi_v3,Asia (No Japan),Renewables,EJ/yr,2010,4.003259790007,0.0,0.0,0.0
31,REMIND-MAgPIE 1.7-3.0,NPi_v3,Asia (No Japan),Renewables,EJ/yr,2020,9.76633393879,3.420292794,22.260153086,74.3195541199
32,REMIND-MAgPIE 1.7-3.0,NPi_v3,Asia (No Japan),Renewables,EJ/yr,2030,14.297104167179999,4.8830358056,0.0,95.11696419440001
33,REMIND-MAgPIE 1.7-3.0,NPi_v3,Asia (No Japan),Renewables,EJ/yr,2040,19.04567557176,3.8300704219,2.3105143837,93.8594151944
34,REMIND-MAgPIE 1.7-3.0,NPi_v3,Asia (No Japan),Renewables,EJ/yr,2050,24.739258313189996,3.7402926189,2.0081967675,94.2515106136
35,REMIND-MAgPIE 1.7-3.0,NPi_v3,Asia (No Japan),Renewables,EJ/yr,2060,30.65184555512,3.2458829166000003,1.3055720172,95.44854506629999
36,REMIND-MAgPIE 1.7-3.0,NPi_v3,Asia (No Japan),Renewables,EJ/yr,2070,36.46896395725,3.4238544097,2.0537220862,94.5224235041
37,REMIND-MAgPIE 1.7-3.0,NPi_v3,Asia (No Japan),Renewables,EJ/yr,2080,43.802862835,3.8265833242,1.0014137570000001,95.17200291889999
38,REMIND-MAgPIE 1.7-3.0,NPi_v3,Asia (No Japan),Renewables,EJ/yr,2090,48.28025596339401,3.0147490615,1.2300327912,95.7552181473
39,REMIND-MAgPIE 1.7-3.0,NPi_v3,Asia (No Japan),Renewables,EJ/yr,2100,54.270810073404,2.4774465885,1.4946270208,96.0279263907
40,REMIND-MAgPIE 1.7-3.0,NPi_v3,Middle East + Africa,Fossils,EJ/yr,2010,5.088727635,0.0,0.0,0.0
41,REMIND-MAgPIE 1.7-3.0,NPi_v3,Middle East + Africa,Fossils,EJ/yr,2020,6.9932384797000005,2.1038777897,69.2645751245,28.631547085799998
42,REMIND-MAgPIE 1.7-3.0,NPi_v3,Middle East + Africa,Fossils,EJ/yr,2030,9.9058742699,1.9529543687,71.2354611796,26.8115844517
43,REMIND-MAgPIE 1.7-3.0,NPi_v3,Middle East + Africa,Fossils,EJ/yr,2040,14.204418521699994,1.9187806086,70.6826884125,27.3985309789
44,REMIND-MAgPIE 1.7-3.0,NPi_v3,Middle East + Africa,Fossils,EJ/yr,2050,20.1745185726,2.1654940903999997,68.0720472002,29.7624587095
45,REMIND-MAgPIE 1.7-3.0,NPi_v3,Middle East + Africa,Fossils,EJ/yr,2060,28.551931435929998,1.8109234947,73.3938792884,24.7951972169
46,REMIND-MAgPIE 1.7-3.0,NPi_v3,Middle East + Africa,Fossils,EJ/yr,2070,34.19993586518195,1.6414214997,74.8138397476,23.5447387528
47,REMIND-MAgPIE 1.7-3.0,NPi_v3,Middle East + Africa,Fossils,EJ/yr,2080,42.939049581999996,2.0746935127,69.45398500729999,28.47132148
48,REMIND-MAgPIE 1.7-3.0,NPi_v3,Middle East + Africa,Fossils,EJ/yr,2090,51.26802838,2.4219736738999997,65.6694722372,31.908554088899997
49,REMIND-MAgPIE 1.7-3.0,NPi_v3,Middle East + Africa,Fossils,EJ/yr,2100,62.79241599,2.6574367025,62.259498343400004,35.083064954099996
50,REMIND-MAgPIE 1.7-3.0,NPi_v3,Middle East + Africa,Renewables,EJ/yr,2010,0.5506175857839999,0.0,0.0,0.0
51,REMIND-MAgPIE 1.7-3.0,NPi_v3,Middle East + Africa,Renewables,EJ/yr,2020,1.131714027614,4.6728595776,0.0,95.32714042239999
52,REMIND-MAgPIE 1.7-3.0,NPi_v3,Middle East + Africa,Renewables,EJ/yr,2030,1.7302132009909998,4.5782213223,0.0,95.4217786777
53,REMIND-MAgPIE 1.7-3.0,NPi_v3,Middle East + Africa,Renewables,EJ/yr,2040,2.9581787124320003,3.7307979045999997,0.0,96.2692020954
54,REMIND-MAgPIE 1.7-3.0,NPi_v3,Middle East + Africa,Renewables,EJ/yr,2050,6.080121745502101,3.6030076263999997,0.0,96.3969923736
55,REMIND-MAgPIE 1.7-3.0,NPi_v3,Middle East + Africa,Renewables,EJ/yr,2060,10.4653602682158,3.2906380624000002,0.0,96.70936193760001
56,REMIND-MAgPIE 1.7-3.0,NPi_v3,Middle East + Africa,Renewables,EJ/yr,2070,17.9281750268362,3.3370691995999997,0.0,96.6629308004
57,REMIND-MAgPIE 1.7-3.0,NPi_v3,Middle East + Africa,Renewables,EJ/yr,2080,24.8919515324792,2.8675764938,0.0,97.13242350620001
58,REMIND-MAgPIE 1.7-3.0,NPi_v3,Middle East + Africa,Renewables,EJ/yr,2090,34.0905003068287,2.6411260353,0.0,97.3588739647
59,REMIND-MAgPIE 1.7-3.0,NPi_v3,Middle East + Africa,Renewables,EJ/yr,2100,45.29586906685229,2.3864998075,0.0,97.6135001925
60,REMIND-MAgPIE 1.7-3.0,NPi_v3,Latin America,Fossils,EJ/yr,2010,1.8016828053999998,0.0,0.0,0.0
61,REMIND-MAgPIE 1.7-3.0,NPi_v3,Latin America,Fossils,EJ/yr,2020,2.85821650737,1.8127972009,76.9237813123,21.263421486800002
62,REMIND-MAgPIE 1.7-3.0,NPi_v3,Latin America,Fossils,EJ/yr,2030,3.89073273227,1.8943010228000001,72.99235410600001,25.1133448712
63,REMIND-MAgPIE 1.7-3.0,NPi_v3,Latin America,Fossils,EJ/yr,2040,4.833075114150001,1.7192224862,73.77479164409999,24.5059858698
64,REMIND-MAgPIE 1.7-3.0,NPi_v3,Latin America,Fossils,EJ/yr,2050,6.198829912038001,1.5249487975999998,77.1558984869,21.3191527155
65,REMIND-MAgPIE 1.7-3.0,NPi_v3,Latin America,Fossils,EJ/yr,2060,10.117360112311397,1.4490678763,77.7336685815,20.8172635422
66,REMIND-MAgPIE 1.7-3.0,NPi_v3,Latin America,Fossils,EJ/yr,2070,10.14842563,1.808834803,67.982155998,30.209009199
67,REMIND-MAgPIE 1.7-3.0,NPi_v3,Latin America,Fossils,EJ/yr,2080,11.73789339,1.2027670722,81.1111000845,17.686132843299998
68,REMIND-MAgPIE 1.7-3.0,NPi_v3,Latin America,Fossils,EJ/yr,2090,13.85570167,1.2355616209,80.7383799146,18.0260584645
69,REMIND-MAgPIE 1.7-3.0,NPi_v3,Latin America,Fossils,EJ/yr,2100,16.00622954,1.5139482281,74.6920685929,23.793983179
70,REMIND-MAgPIE 1.7-3.0,NPi_v3,Latin America,Renewables,EJ/yr,2010,2.7091132698522995,0.0,0.0,0.0
71,REMIND-MAgPIE 1.7-3.0,NPi_v3,Latin America,Renewables,EJ/yr,2020,3.1446775092143,5.1979435585000004,0.0,94.8020564415
72,REMIND-MAgPIE 1.7-3.0,NPi_v3,Latin America,Renewables,EJ/yr,2030,3.8100819101842998,5.3790508405,0.0,94.62094915950001
73,REMIND-MAgPIE 1.7-3.0,NPi_v3,Latin America,Renewables,EJ/yr,2040,4.7586092177461,5.2764063905,0.07437509440000001,94.6492185151
74,REMIND-MAgPIE 1.7-3.0,NPi_v3,Latin America,Renewables,EJ/yr,2050,6.029117634866,4.5783335558,0.043031082400000004,95.37863536180001
75,REMIND-MAgPIE 1.7-3.0,NPi_v3,Latin America,Renewables,EJ/yr,2060,8.271813206513,3.7436561935,0.0162208532,96.2401229532
76,REMIND-MAgPIE 1.7-3.0,NPi_v3,Latin America,Renewables,EJ/yr,2070,11.855689735929001,2.8981510282,0.0248504391,97.0769985327
77,REMIND-MAgPIE 1.7-3.0,NPi_v3,Latin America,Renewables,EJ/yr,2080,13.791639899757,2.8136473882999997,0.0277361907,97.158616421
78,REMIND-MAgPIE 1.7-3.0,NPi_v3,Latin America,Renewables,EJ/yr,2090,15.212989669307001,2.7554704991000003,0.0235097996,97.2210197013
79,REMIND-MAgPIE 1.7-3.0,NPi_v3,Latin America,Renewables,EJ/yr,2100,16.647078972436,2.6878395044,0.0267583338,97.2854021617
80,REMIND-MAgPIE 1.7-3.0,NPi_v3,Central Asia,Fossils,EJ/yr,2010,3.2527155384600004,0.0,0.0,0.0
81,REMIND-MAgPIE 1.7-3.0,NPi_v3,Central Asia,Fossils,EJ/yr,2020,4.3218146796,2.2656884434999998,63.6736941443,34.060617412199996
82,REMIND-MAgPIE 1.7-3.0,NPi_v3,Central Asia,Fossils,EJ/yr,2030,4.5110389738,2.3545654768,63.7105529914,33.934881531799995
83,REMIND-MAgPIE 1.7-3.0,NPi_v3,Central Asia,Fossils,EJ/yr,2040,5.4303935552,1.806484545,74.8381561101,23.3553593449
84,REMIND-MAgPIE 1.7-3.0,NPi_v3,Central Asia,Fossils,EJ/yr,2050,5.6958250063,2.0472804245,66.5505676125,31.4021519631
85,REMIND-MAgPIE 1.7-3.0,NPi_v3,Central Asia,Fossils,EJ/yr,2060,5.8265583888000005,1.5775713209,74.9998257414,23.4226029377
86,REMIND-MAgPIE 1.7-3.0,NPi_v3,Central Asia,Fossils,EJ/yr,2070,7.540734577700001,1.3843552441,79.8829055203,18.7327392356
87,REMIND-MAgPIE 1.7-3.0,NPi_v3,Central Asia,Fossils,EJ/yr,2080,7.4053715127999995,1.6576952278000001,71.9871491474,26.355155624800002
88,REMIND-MAgPIE 1.7-3.0,NPi_v3,Central Asia,Fossils,EJ/yr,2090,6.7160469457000005,1.9953537158,66.2497472278,31.7548990564
89,REMIND-MAgPIE 1.7-3.0,NPi_v3,Central Asia,Fossils,EJ/yr,2100,5.673458663,0.9963346839,85.1458385215,13.857826794600001
90,REMIND-MAgPIE 1.7-3.0,NPi_v3,Central Asia,Renewables,EJ/yr,2010,0.974967005666,0.0,0.0,0.0
91,REMIND-MAgPIE 1.7-3.0,NPi_v3,Central Asia,Renewables,EJ/yr,2020,1.0210439915716,3.188457599,0.9259941594,95.88554824159999
92,REMIND-MAgPIE 1.7-3.0,NPi_v3,Central Asia,Renewables,EJ/yr,2030,1.1277387600484,5.3947358462,0.0,94.6052641538
93,REMIND-MAgPIE 1.7-3.0,NPi_v3,Central Asia,Renewables,EJ/yr,2040,1.3346118038331,4.6033978883,0.0,95.3966021117
94,REMIND-MAgPIE 1.7-3.0,NPi_v3,Central Asia,Renewables,EJ/yr,2050,1.6403098192494,5.1517763586,0.0,94.8482236414
95,REMIND-MAgPIE 1.7-3.0,NPi_v3,Central Asia,Renewables,EJ/yr,2060,2.0635662809169997,4.9938150454,0.0,95.00618495459999
96,REMIND-MAgPIE 1.7-3.0,NPi_v3,Central Asia,Renewables,EJ/yr,2070,2.65154488441889,4.8239789571,0.0,95.1760210429
97,REMIND-MAgPIE 1.7-3.0,NPi_v3,Central Asia,Renewables,EJ/yr,2080,3.5911537435593996,4.0692044922,0.0,95.93079550780001
98,REMIND-MAgPIE 1.7-3.0,NPi_v3,Central Asia,Renewables,EJ/yr,2090,4.86614858339366,4.0742630562999995,2.2215307182,93.70420622549999
99,REMIND-MAgPIE 1.7-3.0,NPi_v3,Central Asia,Renewables,EJ/yr,2100,5.645768130891629,3.7317155309,5.1328874189,91.1353970502
100,REMIND-MAgPIE 1.7-3.0,NPi_v3,OECD90 + EU,Fossils,EJ/yr,2010,20.760738306700002,0.0,0.0,0.0
101,REMIND-MAgPIE 1.7-3.0,NPi_v3,OECD90 + EU,Fossils,EJ/yr,2020,22.399548332,2.2099871371,61.4331646355,36.3568482274
102,REMIND-MAgPIE 1.7-3.0,NPi_v3,OECD90 + EU,Fossils,EJ/yr,2030,23.52288899945,1.7427043846999999,72.8746276001,25.3826680152
103,REMIND-MAgPIE 1.7-3.0,NPi_v3,OECD90 + EU,Fossils,EJ/yr,2040,25.27093695801,1.5386947899,76.4430008155,22.0183043946
104,REMIND-MAgPIE 1.7-3.0,NPi_v3,OECD90 + EU,Fossils,EJ/yr,2050,32.442889445351,1.4663771186,76.2460585771,22.2875643043
105,REMIND-MAgPIE 1.7-3.0,NPi_v3,OECD90 + EU,Fossils,EJ/yr,2060,37.010731230409775,1.4406487696999999,76.7096374715,21.8497137589
106,REMIND-MAgPIE 1.7-3.0,NPi_v3,OECD90 + EU,Fossils,EJ/yr,2070,43.19347216,1.3852427006999999,77.5479151794,21.0668421199
107,REMIND-MAgPIE 1.7-3.0,NPi_v3,OECD90 + EU,Fossils,EJ/yr,2080,41.240913648,1.4336966772,75.6331262284,22.9331770944
108,REMIND-MAgPIE 1.7-3.0,NPi_v3,OECD90 + EU,Fossils,EJ/yr,2090,41.208265783,1.4010266559,76.8846274419,21.714345902199998
109,REMIND-MAgPIE 1.7-3.0,NPi_v3,OECD90 + EU,Fossils,EJ/yr,2100,40.891989985,1.1660979938,81.76502753390001,17.0688744723
110,REMIND-MAgPIE 1.7-3.0,NPi_v3,OECD90 + EU,Renewables,EJ/yr,2010,6.8806704476,0.0,0.0,0.0
111,REMIND-MAgPIE 1.7-3.0,NPi_v3,OECD90 + EU,Renewables,EJ/yr,2020,11.4173063635,3.5163906321,0.0,96.48360936790002
112,REMIND-MAgPIE 1.7-3.0,NPi_v3,OECD90 + EU,Renewables,EJ/yr,2030,12.49219168223,4.8940951674,0.0,95.1059048326
113,REMIND-MAgPIE 1.7-3.0,NPi_v3,OECD90 + EU,Renewables,EJ/yr,2040,14.643853907129998,4.3421894025,0.0991713044,95.5586392931
114,REMIND-MAgPIE 1.7-3.0,NPi_v3,OECD90 + EU,Renewables,EJ/yr,2050,14.161137478810003,4.6879353650999995,0.11208335859999999,95.1999812763
115,REMIND-MAgPIE 1.7-3.0,NPi_v3,OECD90 + EU,Renewables,EJ/yr,2060,20.250719277429997,4.0317580209,0.0343252753,95.9339167038
116,REMIND-MAgPIE 1.7-3.0,NPi_v3,OECD90 + EU,Renewables,EJ/yr,2070,25.28308151467,3.3876820103,0.0600457626,96.55227222709999
117,REMIND-MAgPIE 1.7-3.0,NPi_v3,OECD90 + EU,Renewables,EJ/yr,2080,30.07152225248,3.3733893669,0.0526336296,96.5739770035
118,REMIND-MAgPIE 1.7-3.0,NPi_v3,OECD90 + EU,Renewables,EJ/yr,2090,32.2772795319,2.7452687477,0.0338119753,97.2209192771
119,REMIND-MAgPIE 1.7-3.0,NPi_v3,OECD90 + EU,Renewables,EJ/yr,2100,32.328870567435004,3.0921402861000002,0.36393132619999996,96.54392838780001
120,REMIND-MAgPIE 1.7-3.0,NPi2020_1000_v3,World,Fossils,EJ/yr,2010,49.853070177,0.0,0.0,0.0
121,REMIND-MAgPIE 1.7-3.0,NPi2020_1000_v3,World,Fossils,EJ/yr,2020,60.682840123000005,0.0,0.0,0.0
122,REMIND-MAgPIE 1.7-3.0,NPi2020_1000_v3,World,Fossils,EJ/yr,2030,57.891632746599996,1.4091497377000002,78.75935689020001,19.8314933721
123,REMIND-MAgPIE 1.7-3.0,NPi2020_1000_v3,World,Fossils,EJ/yr,2040,64.9172886274,1.3152992144,79.9000585679,18.7846422176
124,REMIND-MAgPIE 1.7-3.0,NPi2020_1000_v3,World,Fossils,EJ/yr,2050,62.42973484681,1.3244259462,78.6074258693,20.0681481845
125,REMIND-MAgPIE 1.7-3.0,NPi2020_1000_v3,World,Fossils,EJ/yr,2060,59.830801753790006,0.7445048843000001,87.67335230340001,11.5821428124
126,REMIND-MAgPIE 1.7-3.0,NPi2020_1000_v3,World,Fossils,EJ/yr,2070,46.785139065119,0.4614084022,92.7621458206,6.7764457772
127,REMIND-MAgPIE 1.7-3.0,NPi2020_1000_v3,World,Fossils,EJ/yr,2080,29.036594686999997,3.7167117966000003,28.0247373922,68.2585508112
128,REMIND-MAgPIE 1.7-3.0,NPi2020_1000_v3,World,Fossils,EJ/yr,2090,17.657067657,0.5675486989,89.6122261415,9.8202251596
129,REMIND-MAgPIE 1.7-3.0,NPi2020_1000_v3,World,Fossils,EJ/yr,2100,3.9957888272,0.9170171815000001,83.3167836669,15.7661991516
130,REMIND-MAgPIE 1.7-3.0,NPi2020_1000_v3,World,Renewables,EJ/yr,2010,15.1186281002,0.0,0.0,0.0
131,REMIND-MAgPIE 1.7-3.0,NPi2020_1000_v3,World,Renewables,EJ/yr,2020,26.4810758263,0.0,0.0,0.0
132,REMIND-MAgPIE 1.7-3.0,NPi2020_1000_v3,World,Renewables,EJ/yr,2030,42.285150639099996,4.2537844029,0.4567312044,95.2894843927
133,REMIND-MAgPIE 1.7-3.0,NPi2020_1000_v3,World,Renewables,EJ/yr,2040,66.18770749689999,3.4353390348,0.9820227265000001,95.58263823870001
134,REMIND-MAgPIE 1.7-3.0,NPi2020_1000_v3,World,Renewables,EJ/yr,2050,93.750466005,3.3194770242000002,2.8409027523000003,93.8396202235
135,REMIND-MAgPIE 1.7-3.0,NPi2020_1000_v3,World,Renewables,EJ/yr,2060,122.3233992101,3.216435847,1.1114494793,95.67211467370001
136,REMIND-MAgPIE 1.7-3.0,NPi2020_1000_v3,World,Renewables,EJ/yr,2070,156.366640174,3.25869573,0.989335137,95.75196913299999
137,REMIND-MAgPIE 1.7-3.0,NPi2020_1000_v3,World,Renewables,EJ/yr,2080,227.735803249,3.2325703268,0.6183554822999999,96.1490741909
138,REMIND-MAgPIE 1.7-3.0,NPi2020_1000_v3,World,Renewables,EJ/yr,2090,315.938838835,3.1437983291000005,0.5564959047,96.2997057663
139,REMIND-MAgPIE 1.7-3.0,NPi2020_1000_v3,World,Renewables,EJ/yr,2100,412.062802588,3.1272441941,0.6344020597,96.2383537462
140,REMIND-MAgPIE 1.7-3.0,NPi2020_1000_v3,Asia (No Japan),Fossils,EJ/yr,2010,18.9492058798,0.0,0.0,0.0
141,REMIND-MAgPIE 1.7-3.0,NPi2020_1000_v3,Asia (No Japan),Fossils,EJ/yr,2020,24.1100221288,0.0,0.0,0.0
142,REMIND-MAgPIE 1.7-3.0,NPi2020_1000_v3,Asia (No Japan),Fossils,EJ/yr,2030,20.00284054867,1.4508650972,77.4846791743,21.0644557285
143,REMIND-MAgPIE 1.7-3.0,NPi2020_1000_v3,Asia (No Japan),Fossils,EJ/yr,2040,19.75450704105,1.0179176383,85.08192698229999,13.900155379400001
144,REMIND-MAgPIE 1.7-3.0,NPi2020_1000_v3,Asia (No Japan),Fossils,EJ/yr,2050,14.620938801521001,1.1158289906999999,82.464771414,16.4193995953
145,REMIND-MAgPIE 1.7-3.0,NPi2020_1000_v3,Asia (No Japan),Fossils,EJ/yr,2060,11.869577191320255,1.6633548941999998,68.2179708213,30.1186742845
146,REMIND-MAgPIE 1.7-3.0,NPi2020_1000_v3,Asia (No Japan),Fossils,EJ/yr,2070,5.609601233999999,1.2591293651,77.52583731770001,21.2150333173
147,REMIND-MAgPIE 1.7-3.0,NPi2020_1000_v3,Asia (No Japan),Fossils,EJ/yr,2080,1.35018579933,4.8151807396,0.0,95.1848192604
148,REMIND-MAgPIE 1.7-3.0,NPi2020_1000_v3,Asia (No Japan),Fossils,EJ/yr,2090,0.9483860868,4.8206670651,0.0,95.1793329349
149,REMIND-MAgPIE 1.7-3.0,NPi2020_1000_v3,Asia (No Japan),Fossils,EJ/yr,2100,0.4881876678,4.8858926024,0.0,95.11410739760001
150,REMIND-MAgPIE 1.7-3.0,NPi2020_1000_v3,Asia (No Japan),Renewables,EJ/yr,2010,4.003259790007,0.0,0.0,0.0
151,REMIND-MAgPIE 1.7-3.0,NPi2020_1000_v3,Asia (No Japan),Renewables,EJ/yr,2020,9.76633393879,0.0,0.0,0.0
152,REMIND-MAgPIE 1.7-3.0,NPi2020_1000_v3,Asia (No Japan),Renewables,EJ/yr,2030,20.569312734470007,4.3354148036,0.7019356814,94.962649515
153,REMIND-MAgPIE 1.7-3.0,NPi2020_1000_v3,Asia (No Japan),Renewables,EJ/yr,2040,31.58001850408,2.7422833831999998,2.0193881204,95.23832849639999
154,REMIND-MAgPIE 1.7-3.0,NPi2020_1000_v3,Asia (No Japan),Renewables,EJ/yr,2050,43.392603581490015,2.760281715,5.7133600228,91.52635826219999
155,REMIND-MAgPIE 1.7-3.0,NPi2020_1000_v3,Asia (No Japan),Renewables,EJ/yr,2060,53.9857197937,2.8529299508999997,1.3751021835,95.77196786559999
156,REMIND-MAgPIE 1.7-3.0,NPi2020_1000_v3,Asia (No Japan),Renewables,EJ/yr,2070,58.2373872938,2.6108783188999998,3.2197312045,94.1693904766
157,REMIND-MAgPIE 1.7-3.0,NPi2020_1000_v3,Asia (No Japan),Renewables,EJ/yr,2080,75.83368657679999,2.8281195061,1.7467957988999998,95.425084695
158,REMIND-MAgPIE 1.7-3.0,NPi2020_1000_v3,Asia (No Japan),Renewables,EJ/yr,2090,93.37134933680001,2.9414169158999997,1.6577937259,95.4007893581
159,REMIND-MAgPIE 1.7-3.0,NPi2020_1000_v3,Asia (No Japan),Renewables,EJ/yr,2100,113.91567439049999,2.966591036,2.2173330128,94.8160759512
160,REMIND-MAgPIE 1.7-3.0,NPi2020_1000_v3,Middle East + Africa,Fossils,EJ/yr,2010,5.088727635,0.0,0.0,0.0
161,REMIND-MAgPIE 1.7-3.0,NPi2020_1000_v3,Middle East + Africa,Fossils,EJ/yr,2020,6.9932384797000005,0.0,0.0,0.0
162,REMIND-MAgPIE 1.7-3.0,NPi2020_1000_v3,Middle East + Africa,Fossils,EJ/yr,2030,9.1777394342,1.4212499140000001,79.3346643358,19.2440857502
163,REMIND-MAgPIE 1.7-3.0,NPi2020_1000_v3,Middle East + Africa,Fossils,EJ/yr,2040,13.3482473627,1.5706572941999999,76.0905683455,22.3387743603
164,REMIND-MAgPIE 1.7-3.0,NPi2020_1000_v3,Middle East + Africa,Fossils,EJ/yr,2050,15.604086387119999,1.4299157433,78.4030916833,20.166992573399998
165,REMIND-MAgPIE 1.7-3.0,NPi2020_1000_v3,Middle East + Africa,Fossils,EJ/yr,2060,18.099770608180002,0.619663793,90.2552916867,9.1250445203
166,REMIND-MAgPIE 1.7-3.0,NPi2020_1000_v3,Middle East + Africa,Fossils,EJ/yr,2070,17.65372655961899,0.38923107049999994,93.98571533280001,5.6250535967
167,REMIND-MAgPIE 1.7-3.0,NPi2020_1000_v3,Middle East + Africa,Fossils,EJ/yr,2080,14.705385996099999,4.8586140763,0.0,95.14138592370001
168,REMIND-MAgPIE 1.7-3.0,NPi2020_1000_v3,Middle East + Africa,Fossils,EJ/yr,2090,11.048333907199998,0.2619655278,95.7623979019,3.9756365704000003
169,REMIND-MAgPIE 1.7-3.0,NPi2020_1000_v3,Middle East + Africa,Fossils,EJ/yr,2100,2.17992399671,5.190233882699999,0.0,94.8097661173
170,REMIND-MAgPIE 1.7-3.0,NPi2020_1000_v3,Middle East + Africa,Renewables,EJ/yr,2010,0.5506175857839999,0.0,0.0,0.0
171,REMIND-MAgPIE 1.7-3.0,NPi2020_1000_v3,Middle East + Africa,Renewables,EJ/yr,2020,1.131714027614,0.0,0.0,0.0
172,REMIND-MAgPIE 1.7-3.0,NPi2020_1000_v3,Middle East + Africa,Renewables,EJ/yr,2030,2.5604066794360003,3.7850261016,0.0,96.2149738984
173,REMIND-MAgPIE 1.7-3.0,NPi2020_1000_v3,Middle East + Africa,Renewables,EJ/yr,2040,5.777198030746,3.6794684274000002,0.0,96.3205315726
174,REMIND-MAgPIE 1.7-3.0,NPi2020_1000_v3,Middle East + Africa,Renewables,EJ/yr,2050,11.695822068036001,4.0630261105,0.0,95.93697388950001
175,REMIND-MAgPIE 1.7-3.0,NPi2020_1000_v3,Middle East + Africa,Renewables,EJ/yr,2060,19.106146386581003,3.6163525715,2.9522530894,93.4313943391
176,REMIND-MAgPIE 1.7-3.0,NPi2020_1000_v3,Middle East + Africa,Renewables,EJ/yr,2070,31.67858809673,3.5290049859,0.0,96.4709950141
177,REMIND-MAgPIE 1.7-3.0,NPi2020_1000_v3,Middle East + Africa,Renewables,EJ/yr,2080,57.6557956203,3.5686765188,0.0,96.43132348120001
178,REMIND-MAgPIE 1.7-3.0,NPi2020_1000_v3,Middle East + Africa,Renewables,EJ/yr,2090,90.04510277979999,3.4601519704,0.0,96.5398480296
179,REMIND-MAgPIE 1.7-3.0,NPi2020_1000_v3,Middle East + Africa,Renewables,EJ/yr,2100,125.143940553,3.3026654944,0.0,96.6973345056
180,REMIND-MAgPIE 1.7-3.0,NPi2020_1000_v3,Latin America,Fossils,EJ/yr,2010,1.8016828053999998,0.0,0.0,0.0
181,REMIND-MAgPIE 1.7-3.0,NPi2020_1000_v3,Latin America,Fossils,EJ/yr,2020,2.85821650737,0.0,0.0,0.0
182,REMIND-MAgPIE 1.7-3.0,NPi2020_1000_v3,Latin America,Fossils,EJ/yr,2030,3.914066183,1.4363046519999998,79.420086908,19.14360844
183,REMIND-MAgPIE 1.7-3.0,NPi2020_1000_v3,Latin America,Fossils,EJ/yr,2040,3.946321417560001,1.7380250261,73.4975115313,24.764463442600004
184,REMIND-MAgPIE 1.7-3.0,NPi2020_1000_v3,Latin America,Fossils,EJ/yr,2050,2.748073836179,1.2775755428,77.65622882640001,21.0661956308
185,REMIND-MAgPIE 1.7-3.0,NPi2020_1000_v3,Latin America,Fossils,EJ/yr,2060,4.013851781049669,0.7471828739,87.8211934685,11.4316236577
186,REMIND-MAgPIE 1.7-3.0,NPi2020_1000_v3,Latin America,Fossils,EJ/yr,2070,3.414660669,0.9435315140999999,82.5261617796,16.530306706300003
187,REMIND-MAgPIE 1.7-3.0,NPi2020_1000_v3,Latin America,Fossils,EJ/yr,2080,2.209216432,4.8175302033,0.0,95.1824697967
188,REMIND-MAgPIE 1.7-3.0,NPi2020_1000_v3,Latin America,Fossils,EJ/yr,2090,1.235455856,0.4683077681,91.5434267933,7.9882654386
189,REMIND-MAgPIE 1.7-3.0,NPi2020_1000_v3,Latin America,Fossils,EJ/yr,2100,0.6033648851,4.9206838598000004,0.0,95.0793161402
190,REMIND-MAgPIE 1.7-3.0,NPi2020_1000_v3,Latin America,Renewables,EJ/yr,2010,2.7091132698522995,0.0,0.0,0.0
191,REMIND-MAgPIE 1.7-3.0,NPi2020_1000_v3,Latin America,Renewables,EJ/yr,2020,3.1446775092143,0.0,0.0,0.0
192,REMIND-MAgPIE 1.7-3.0,NPi2020_1000_v3,Latin America,Renewables,EJ/yr,2030,4.15674707388,4.635764218,0.0,95.36423578200001
193,REMIND-MAgPIE 1.7-3.0,NPi2020_1000_v3,Latin America,Renewables,EJ/yr,2040,8.417443194762999,4.8417926968,0.0,95.1582073032
194,REMIND-MAgPIE 1.7-3.0,NPi2020_1000_v3,Latin America,Renewables,EJ/yr,2050,11.958870951063002,3.462180804,0.055878706900000005,96.481940489
195,REMIND-MAgPIE 1.7-3.0,NPi2020_1000_v3,Latin America,Renewables,EJ/yr,2060,15.076288551387002,3.6108464182,0.0,96.3891535818
196,REMIND-MAgPIE 1.7-3.0,NPi2020_1000_v3,Latin America,Renewables,EJ/yr,2070,19.355321107301,3.0909137072000004,0.027629030699999998,96.88145726209999
197,REMIND-MAgPIE 1.7-3.0,NPi2020_1000_v3,Latin America,Renewables,EJ/yr,2080,25.085684584499997,3.0245968241,0.0318065336,96.9435966423
198,REMIND-MAgPIE 1.7-3.0,NPi2020_1000_v3,Latin America,Renewables,EJ/yr,2090,33.186819936099994,3.1252006977999995,0.0165625018,96.85823680040001
199,REMIND-MAgPIE 1.7-3.0,NPi2020_1000_v3,Latin America,Renewables,EJ/yr,2100,44.952899095700005,3.4050310168999998,0.0187789704,96.57619001270001
200,REMIND-MAgPIE 1.7-3.0,NPi2020_1000_v3,Central Asia,Fossils,EJ/yr,2010,3.2527155384600004,0.0,0.0,0.0
201,REMIND-MAgPIE 1.7-3.0,NPi2020_1000_v3,Central Asia,Fossils,EJ/yr,2020,4.3218146796,0.0,0.0,0.0
202,REMIND-MAgPIE 1.7-3.0,NPi2020_1000_v3,Central Asia,Fossils,EJ/yr,2030,4.091002497813,1.4560033736000002,80.0279220498,18.5160745766
203,REMIND-MAgPIE 1.7-3.0,NPi2020_1000_v3,Central Asia,Fossils,EJ/yr,2040,5.2351238996,1.7263680659,74.004351702,24.2692802321
204,REMIND-MAgPIE 1.7-3.0,NPi2020_1000_v3,Central Asia,Fossils,EJ/yr,2050,4.44976584042,1.6508424277,73.5586954728,24.790462099499997
205,REMIND-MAgPIE 1.7-3.0,NPi2020_1000_v3,Central Asia,Fossils,EJ/yr,2060,3.3603793721,0.8215580276000001,86.36194930139999,12.816492670999999
206,REMIND-MAgPIE 1.7-3.0,NPi2020_1000_v3,Central Asia,Fossils,EJ/yr,2070,1.2613039576,4.7764121588,0.0,95.22358784120001
207,REMIND-MAgPIE 1.7-3.0,NPi2020_1000_v3,Central Asia,Fossils,EJ/yr,2080,0.13604003650000002,2.0264341781999997,58.9093462418,39.0642195799
208,REMIND-MAgPIE 1.7-3.0,NPi2020_1000_v3,Central Asia,Fossils,EJ/yr,2090,0.05512454709,1.3143494378,74.4529419046,24.232708657600003
209,REMIND-MAgPIE 1.7-3.0,NPi2020_1000_v3,Central Asia,Fossils,EJ/yr,2100,0.0001229845582,0.0,0.0,0.0
210,REMIND-MAgPIE 1.7-3.0,NPi2020_1000_v3,Central Asia,Renewables,EJ/yr,2010,0.974967005666,0.0,0.0,0.0
211,REMIND-MAgPIE 1.7-3.0,NPi2020_1000_v3,Central Asia,Renewables,EJ/yr,2020,1.0210439915716,0.0,0.0,0.0
212,REMIND-MAgPIE 1.7-3.0,NPi2020_1000_v3,Central Asia,Renewables,EJ/yr,2030,1.2864079685232002,4.5619342174,0.0,95.4380657826
213,REMIND-MAgPIE 1.7-3.0,NPi2020_1000_v3,Central Asia,Renewables,EJ/yr,2040,1.8541942955786002,4.1236154285,0.0,95.8763845715
214,REMIND-MAgPIE 1.7-3.0,NPi2020_1000_v3,Central Asia,Renewables,EJ/yr,2050,2.9493297953522,4.1371749331,0.0,95.8628250669
215,REMIND-MAgPIE 1.7-3.0,NPi2020_1000_v3,Central Asia,Renewables,EJ/yr,2060,5.1447868233956005,4.0482642666,0.0,95.9517357334
216,REMIND-MAgPIE 1.7-3.0,NPi2020_1000_v3,Central Asia,Renewables,EJ/yr,2070,9.0952261394018,4.4819479502999995,0.0,95.51805204969999
217,REMIND-MAgPIE 1.7-3.0,NPi2020_1000_v3,Central Asia,Renewables,EJ/yr,2080,12.931752849640999,3.7756313875,0.0,96.2243686125
218,REMIND-MAgPIE 1.7-3.0,NPi2020_1000_v3,Central Asia,Renewables,EJ/yr,2090,17.1588702939,3.1716154247,0.0,96.8283845753
219,REMIND-MAgPIE 1.7-3.0,NPi2020_1000_v3,Central Asia,Renewables,EJ/yr,2100,22.5913840653,3.1925112693,0.0,96.8074887307
220,REMIND-MAgPIE 1.7-3.0,NPi2020_1000_v3,OECD90 + EU,Fossils,EJ/yr,2010,20.760738306700002,0.0,0.0,0.0
221,REMIND-MAgPIE 1.7-3.0,NPi2020_1000_v3,OECD90 + EU,Fossils,EJ/yr,2020,22.399548332,0.0,0.0,0.0
222,REMIND-MAgPIE 1.7-3.0,NPi2020_1000_v3,OECD90 + EU,Fossils,EJ/yr,2030,20.70598407821,1.338689711,79.28994279189999,19.3713674971
223,REMIND-MAgPIE 1.7-3.0,NPi2020_1000_v3,OECD90 + EU,Fossils,EJ/yr,2040,22.633088906670004,1.36676076,78.1328774934,20.5003617467
224,REMIND-MAgPIE 1.7-3.0,NPi2020_1000_v3,OECD90 + EU,Fossils,EJ/yr,2050,25.006869989146,1.2886253029999999,78.4080476189,20.3033270782
225,REMIND-MAgPIE 1.7-3.0,NPi2020_1000_v3,OECD90 + EU,Fossils,EJ/yr,2060,22.48722280006803,0.5493391077,91.70738402299999,7.7432768693
226,REMIND-MAgPIE 1.7-3.0,NPi2020_1000_v3,OECD90 + EU,Fossils,EJ/yr,2070,18.8458466467,0.36887974659999995,94.9626867301,4.6684335232
227,REMIND-MAgPIE 1.7-3.0,NPi2020_1000_v3,OECD90 + EU,Fossils,EJ/yr,2080,10.6357664209,2.1151038075,70.9547183847,26.930177807800003
228,REMIND-MAgPIE 1.7-3.0,NPi2020_1000_v3,OECD90 + EU,Fossils,EJ/yr,2090,4.369767262300002,0.48711592439999996,93.4426880833,6.0701959923
229,REMIND-MAgPIE 1.7-3.0,NPi2020_1000_v3,OECD90 + EU,Fossils,EJ/yr,2100,0.7241892938000001,0.2613282327,96.5506621581,3.1880096092000003
230,REMIND-MAgPIE 1.7-3.0,NPi2020_1000_v3,OECD90 + EU,Renewables,EJ/yr,2010,6.8806704476,0.0,0.0,0.0
231,REMIND-MAgPIE 1.7-3.0,NPi2020_1000_v3,OECD90 + EU,Renewables,EJ/yr,2020,11.4173063635,0.0,0.0,0.0
232,REMIND-MAgPIE 1.7-3.0,NPi2020_1000_v3,OECD90 + EU,Renewables,EJ/yr,2030,13.71227618872,3.9222912907,0.0,96.0777087093
233,REMIND-MAgPIE 1.7-3.0,NPi2020_1000_v3,OECD90 + EU,Renewables,EJ/yr,2040,18.5588534758,3.5992966895,0.1537441584,96.24695915219999
234,REMIND-MAgPIE 1.7-3.0,NPi2020_1000_v3,OECD90 + EU,Renewables,EJ/yr,2050,23.7538396056,3.6043079423,1.4227938803,94.9728981774
235,REMIND-MAgPIE 1.7-3.0,NPi2020_1000_v3,OECD90 + EU,Renewables,EJ/yr,2060,29.010457652399996,3.1491956752999997,0.0,96.8508043247
236,REMIND-MAgPIE 1.7-3.0,NPi2020_1000_v3,OECD90 + EU,Renewables,EJ/yr,2070,38.000117532,3.2375199898,0.1452014983,96.61727851190001
237,REMIND-MAgPIE 1.7-3.0,NPi2020_1000_v3,OECD90 + EU,Renewables,EJ/yr,2080,56.228883618000005,3.3487665612,0.1015235522,96.5497098866
238,REMIND-MAgPIE 1.7-3.0,NPi2020_1000_v3,OECD90 + EU,Renewables,EJ/yr,2090,82.176696498,3.0214216427,0.12539457269999998,96.85318378459999
239,REMIND-MAgPIE 1.7-3.0,NPi2020_1000_v3,OECD90 + EU,Renewables,EJ/yr,2100,105.45890454,2.9102988774000003,0.0784272208,97.01127390180001
240,REMIND-MAgPIE 1.7-3.0,NPi2020_400_v3,World,Fossils,EJ/yr,2010,49.853070177,0.0,0.0,0.0
241,REMIND-MAgPIE 1.7-3.0,NPi2020_400_v3,World,Fossils,EJ/yr,2020,60.682840123000005,0.0,0.0,0.0
242,REMIND-MAgPIE 1.7-3.0,NPi2020_400_v3,World,Fossils,EJ/yr,2030,48.080498267299994,1.0847712349,83.71761671729999,15.1976120478
243,REMIND-MAgPIE 1.7-3.0,NPi2020_400_v3,World,Fossils,EJ/yr,2040,50.195352299999996,0.9976392251999999,85.1616997392,13.8406610356
244,REMIND-MAgPIE 1.7-3.0,NPi2020_400_v3,World,Fossils,EJ/yr,2050,41.858551323250005,0.45522934159999995,92.6011239776,6.943646680900001
245,REMIND-MAgPIE 1.7-3.0,NPi2020_400_v3,World,Fossils,EJ/yr,2060,28.66336970947,0.4283784429,92.9743911892,6.5972303679
246,REMIND-MAgPIE 1.7-3.0,NPi2020_400_v3,World,Fossils,EJ/yr,2070,16.6077995957084,0.6328174546,88.4624805764,10.904701969000001
247,REMIND-MAgPIE 1.7-3.0,NPi2020_400_v3,World,Fossils,EJ/yr,2080,2.91055355902,0.4857157164,91.11085071030001,8.403433573300001
248,REMIND-MAgPIE 1.7-3.0,NPi2020_400_v3,World,Fossils,EJ/yr,2090,0.4238840360758,1.2537370023,76.1607037639,22.5855592339
249,REMIND-MAgPIE 1.7-3.0,NPi2020_400_v3,World,Fossils,EJ/yr,2100,0.1500959216858,1.0068722165000001,81.1087776977,17.884350085799998
250,REMIND-MAgPIE 1.7-3.0,NPi2020_400_v3,World,Renewables,EJ/yr,2010,15.1186281002,0.0,0.0,0.0
251,REMIND-MAgPIE 1.7-3.0,NPi2020_400_v3,World,Renewables,EJ/yr,2020,26.4810758263,0.0,0.0,0.0
252,REMIND-MAgPIE 1.7-3.0,NPi2020_400_v3,World,Renewables,EJ/yr,2030,55.680909879000005,3.9037243242,1.4094453812,94.68683029459999
253,REMIND-MAgPIE 1.7-3.0,NPi2020_400_v3,World,Renewables,EJ/yr,2040,92.420430141,3.7182736867000004,0.0,96.2817263133
254,REMIND-MAgPIE 1.7-3.0,NPi2020_400_v3,World,Renewables,EJ/yr,2050,125.824718109,3.0755636526999997,1.7729064911,95.15152985620001
255,REMIND-MAgPIE 1.7-3.0,NPi2020_400_v3,World,Renewables,EJ/yr,2060,170.34757512299998,3.2499549014999998,3.5915178712,93.1585272273
256,REMIND-MAgPIE 1.7-3.0,NPi2020_400_v3,World,Renewables,EJ/yr,2070,235.035750498,3.2113374906,0.7952689716,95.9933935378
257,REMIND-MAgPIE 1.7-3.0,NPi2020_400_v3,World,Renewables,EJ/yr,2080,295.99901701300007,3.1490133291,1.7498432882,95.1011433827
258,REMIND-MAgPIE 1.7-3.0,NPi2020_400_v3,World,Renewables,EJ/yr,2090,364.5301641790001,3.2046273720999996,1.3321340461,95.4632385818
259,REMIND-MAgPIE 1.7-3.0,NPi2020_400_v3,World,Renewables,EJ/yr,2100,432.401700778,3.1411938893,1.334145482,95.5246606287
260,REMIND-MAgPIE 1.7-3.0,NPi2020_400_v3,Asia (No Japan),Fossils,EJ/yr,2010,18.9492058798,0.0,0.0,0.0
261,REMIND-MAgPIE 1.7-3.0,NPi2020_400_v3,Asia (No Japan),Fossils,EJ/yr,2020,24.1100221288,0.0,0.0,0.0
262,REMIND-MAgPIE 1.7-3.0,NPi2020_400_v3,Asia (No Japan),Fossils,EJ/yr,2030,15.49745771488,1.1073612278,83.5243402785,15.368298493800001
263,REMIND-MAgPIE 1.7-3.0,NPi2020_400_v3,Asia (No Japan),Fossils,EJ/yr,2040,14.2895975927,0.5555310915999999,91.53388909780001,7.9105798106
264,REMIND-MAgPIE 1.7-3.0,NPi2020_400_v3,Asia (No Japan),Fossils,EJ/yr,2050,9.008991522113,0.547662408,90.5951589877,8.8571786043
265,REMIND-MAgPIE 1.7-3.0,NPi2020_400_v3,Asia (No Japan),Fossils,EJ/yr,2060,3.14551984377626,4.7037055479,0.0,95.29629445209999
266,REMIND-MAgPIE 1.7-3.0,NPi2020_400_v3,Asia (No Japan),Fossils,EJ/yr,2070,0.7751610873999999,4.8370387327,0.0,95.16296126729999
267,REMIND-MAgPIE 1.7-3.0,NPi2020_400_v3,Asia (No Japan),Fossils,EJ/yr,2080,0.34774626200000003,0.6849774725,86.3362232945,12.978799233
268,REMIND-MAgPIE 1.7-3.0,NPi2020_400_v3,Asia (No Japan),Fossils,EJ/yr,2090,0.1830612234,4.8025443036,0.0,95.1974556964
269,REMIND-MAgPIE 1.7-3.0,NPi2020_400_v3,Asia (No Japan),Fossils,EJ/yr,2100,0.1308588227,4.9462757882,0.0,95.0537242118
270,REMIND-MAgPIE 1.7-3.0,NPi2020_400_v3,Asia (No Japan),Renewables,EJ/yr,2010,4.003259790007,0.0,0.0,0.0
271,REMIND-MAgPIE 1.7-3.0,NPi2020_400_v3,Asia (No Japan),Renewables,EJ/yr,2020,9.76633393879,0.0,0.0,0.0
272,REMIND-MAgPIE 1.7-3.0,NPi2020_400_v3,Asia (No Japan),Renewables,EJ/yr,2030,25.8563698488,3.2982289383,2.4614572272,94.24031383450001
273,REMIND-MAgPIE 1.7-3.0,NPi2020_400_v3,Asia (No Japan),Renewables,EJ/yr,2040,43.4545524381,3.1555444188,0.0,96.84445558120001
274,REMIND-MAgPIE 1.7-3.0,NPi2020_400_v3,Asia (No Japan),Renewables,EJ/yr,2050,56.1126208304,2.4320407081,3.4764770391,94.0914822528
275,REMIND-MAgPIE 1.7-3.0,NPi2020_400_v3,Asia (No Japan),Renewables,EJ/yr,2060,66.0986518925,2.6938929514,2.9139961761,94.3921108725
276,REMIND-MAgPIE 1.7-3.0,NPi2020_400_v3,Asia (No Japan),Renewables,EJ/yr,2070,83.1357090086,2.7616582231,1.9814989523,95.25684282459999
277,REMIND-MAgPIE 1.7-3.0,NPi2020_400_v3,Asia (No Japan),Renewables,EJ/yr,2080,94.64521831219999,2.7269147368,5.3004388632,91.9726464001
278,REMIND-MAgPIE 1.7-3.0,NPi2020_400_v3,Asia (No Japan),Renewables,EJ/yr,2090,111.4605538865,2.9780310295,3.6562603567000003,93.3657086139
279,REMIND-MAgPIE 1.7-3.0,NPi2020_400_v3,Asia (No Japan),Renewables,EJ/yr,2100,127.4309639605,2.6105509394,4.0376230348,93.3518260258
280,REMIND-MAgPIE 1.7-3.0,NPi2020_400_v3,Middle East + Africa,Fossils,EJ/yr,2010,5.088727635,0.0,0.0,0.0
281,REMIND-MAgPIE 1.7-3.0,NPi2020_400_v3,Middle East + Africa,Fossils,EJ/yr,2020,6.9932384797000005,0.0,0.0,0.0
282,REMIND-MAgPIE 1.7-3.0,NPi2020_400_v3,Middle East + Africa,Fossils,EJ/yr,2030,7.641786219299999,0.9323172331,86.27999569049999,12.787687076300001
283,REMIND-MAgPIE 1.7-3.0,NPi2020_400_v3,Middle East + Africa,Fossils,EJ/yr,2040,11.195173428399999,1.3082118743,79.9604310617,18.7313570641
284,REMIND-MAgPIE 1.7-3.0,NPi2020_400_v3,Middle East + Africa,Fossils,EJ/yr,2050,12.90181339227,0.33729307020000004,94.98216374709999,4.6805431827
285,REMIND-MAgPIE 1.7-3.0,NPi2020_400_v3,Middle East + Africa,Fossils,EJ/yr,2060,12.726382916010001,0.3059388684,95.48106452639999,4.2129966051
286,REMIND-MAgPIE 1.7-3.0,NPi2020_400_v3,Middle East + Africa,Fossils,EJ/yr,2070,10.2294786313984,4.8427494597,2.40209265,92.75515789030001
287,REMIND-MAgPIE 1.7-3.0,NPi2020_400_v3,Middle East + Africa,Fossils,EJ/yr,2080,0.91193814174,4.7826411238999995,0.0,95.21735887610001
288,REMIND-MAgPIE 1.7-3.0,NPi2020_400_v3,Middle East + Africa,Fossils,EJ/yr,2090,0.0,5.0491874644,0.0,94.9508125356
289,REMIND-MAgPIE 1.7-3.0,NPi2020_400_v3,Middle East + Africa,Fossils,EJ/yr,2100,0.0,5.190233882699999,0.0,94.8097661173
290,REMIND-MAgPIE 1.7-3.0,NPi2020_400_v3,Middle East + Africa,Renewables,EJ/yr,2010,0.5506175857839999,0.0,0.0,0.0
291,REMIND-MAgPIE 1.7-3.0,NPi2020_400_v3,Middle East + Africa,Renewables,EJ/yr,2020,1.131714027614,0.0,0.0,0.0
292,REMIND-MAgPIE 1.7-3.0,NPi2020_400_v3,Middle East + Africa,Renewables,EJ/yr,2030,4.331538678144,4.4586426554,0.0,95.54135734459999
293,REMIND-MAgPIE 1.7-3.0,NPi2020_400_v3,Middle East + Africa,Renewables,EJ/yr,2040,8.681919680610001,3.9285354965,0.0,96.07146450350001
294,REMIND-MAgPIE 1.7-3.0,NPi2020_400_v3,Middle East + Africa,Renewables,EJ/yr,2050,15.62888493752,4.0135975843,0.0,95.9864024157
295,REMIND-MAgPIE 1.7-3.0,NPi2020_400_v3,Middle East + Africa,Renewables,EJ/yr,2060,28.7736446288,3.8192874575,0.9284966834,95.2522158591
296,REMIND-MAgPIE 1.7-3.0,NPi2020_400_v3,Middle East + Africa,Renewables,EJ/yr,2070,47.879229881,3.7766442272000003,0.0,96.2233557728
297,REMIND-MAgPIE 1.7-3.0,NPi2020_400_v3,Middle East + Africa,Renewables,EJ/yr,2080,76.22744645099999,3.6609890135,0.0,96.3390109865
298,REMIND-MAgPIE 1.7-3.0,NPi2020_400_v3,Middle East + Africa,Renewables,EJ/yr,2090,100.848054957,3.5516441998,0.0,96.4483558002
299,REMIND-MAgPIE 1.7-3.0,NPi2020_400_v3,Middle East + Africa,Renewables,EJ/yr,2100,134.9901492019,3.4615691372,0.0,96.53843086280001
300,REMIND-MAgPIE 1.7-3.0,NPi2020_400_v3,Latin America,Fossils,EJ/yr,2010,1.8016828053999998,0.0,0.0,0.0
301,REMIND-MAgPIE 1.7-3.0,NPi2020_400_v3,Latin America,Fossils,EJ/yr,2020,2.85821650737,0.0,0.0,0.0
302,REMIND-MAgPIE 1.7-3.0,NPi2020_400_v3,Latin America,Fossils,EJ/yr,2030,1.82592432648,1.4154869641999999,81.1843517663,17.4001612695
303,REMIND-MAgPIE 1.7-3.0,NPi2020_400_v3,Latin America,Fossils,EJ/yr,2040,2.5121875679600003,0.9337351281,83.6258455232,15.440419348699999
304,REMIND-MAgPIE 1.7-3.0,NPi2020_400_v3,Latin America,Fossils,EJ/yr,2050,1.4445784191799997,0.6226692999,89.8760427058,9.5012879943
305,REMIND-MAgPIE 1.7-3.0,NPi2020_400_v3,Latin America,Fossils,EJ/yr,2060,0.807610510940482,4.8944360323,0.0450704734,95.0604934944
306,REMIND-MAgPIE 1.7-3.0,NPi2020_400_v3,Latin America,Fossils,EJ/yr,2070,0.5570998958,4.8567059036,0.0,95.1432940964
307,REMIND-MAgPIE 1.7-3.0,NPi2020_400_v3,Latin America,Fossils,EJ/yr,2080,0.5076196124,0.47161725979999997,91.1314359011,8.3969468391
308,REMIND-MAgPIE 1.7-3.0,NPi2020_400_v3,Latin America,Fossils,EJ/yr,2090,0.1486444836,0.0,0.0,0.0
309,REMIND-MAgPIE 1.7-3.0,NPi2020_400_v3,Latin America,Fossils,EJ/yr,2100,0.0,4.9206838598000004,0.0,95.0793161402
310,REMIND-MAgPIE 1.7-3.0,NPi2020_400_v3,Latin America,Renewables,EJ/yr,2010,2.7091132698522995,0.0,0.0,0.0
311,REMIND-MAgPIE 1.7-3.0,NPi2020_400_v3,Latin America,Renewables,EJ/yr,2020,3.1446775092143,0.0,0.0,0.0
312,REMIND-MAgPIE 1.7-3.0,NPi2020_400_v3,Latin America,Renewables,EJ/yr,2030,6.23858413868,4.688700283,0.396046334,94.91525338299999
313,REMIND-MAgPIE 1.7-3.0,NPi2020_400_v3,Latin America,Renewables,EJ/yr,2040,10.212253102310001,3.6194917427999997,0.0,96.38050825719999
314,REMIND-MAgPIE 1.7-3.0,NPi2020_400_v3,Latin America,Renewables,EJ/yr,2050,13.43507313912,3.3954367857,2.2955573636,94.3090058508
315,REMIND-MAgPIE 1.7-3.0,NPi2020_400_v3,Latin America,Renewables,EJ/yr,2060,16.08849034516,2.9929996645999997,23.391945006700002,73.6150553287
316,REMIND-MAgPIE 1.7-3.0,NPi2020_400_v3,Latin America,Renewables,EJ/yr,2070,20.9117740041,3.2878012797000005,0.0,96.71219872030001
317,REMIND-MAgPIE 1.7-3.0,NPi2020_400_v3,Latin America,Renewables,EJ/yr,2080,27.7358918846,3.1714354599,0.0,96.8285645401
318,REMIND-MAgPIE 1.7-3.0,NPi2020_400_v3,Latin America,Renewables,EJ/yr,2090,40.9508024263,3.1925264305,0.07498435190000001,96.7324892176
319,REMIND-MAgPIE 1.7-3.0,NPi2020_400_v3,Latin America,Renewables,EJ/yr,2100,46.543616578000005,3.3615904959,0.0,96.6384095041
320,REMIND-MAgPIE 1.7-3.0,NPi2020_400_v3,Central Asia,Fossils,EJ/yr,2010,3.2527155384600004,0.0,0.0,0.0
321,REMIND-MAgPIE 1.7-3.0,NPi2020_400_v3,Central Asia,Fossils,EJ/yr,2020,4.3218146796,0.0,0.0,0.0
322,REMIND-MAgPIE 1.7-3.0,NPi2020_400_v3,Central Asia,Fossils,EJ/yr,2030,3.174694676538,1.2102990348,82.9767742148,15.812926750499999
323,REMIND-MAgPIE 1.7-3.0,NPi2020_400_v3,Central Asia,Fossils,EJ/yr,2040,2.34308866275,0.48867746549999996,92.6245787527,6.8867437818
324,REMIND-MAgPIE 1.7-3.0,NPi2020_400_v3,Central Asia,Fossils,EJ/yr,2050,1.04988746899,1.7457525006999999,65.0801560989,33.1740914004
325,REMIND-MAgPIE 1.7-3.0,NPi2020_400_v3,Central Asia,Fossils,EJ/yr,2060,0.1099874787495834,0.724735366,93.07848626180001,6.196778372200001
326,REMIND-MAgPIE 1.7-3.0,NPi2020_400_v3,Central Asia,Fossils,EJ/yr,2070,0.015037662080000003,0.142360122,98.08483764420001,1.7728022338
327,REMIND-MAgPIE 1.7-3.0,NPi2020_400_v3,Central Asia,Fossils,EJ/yr,2080,0.0003430669049,1.6323271041,66.7324260754,31.6352468205
328,REMIND-MAgPIE 1.7-3.0,NPi2020_400_v3,Central Asia,Fossils,EJ/yr,2090,0.0002054067782,0.0,0.0,0.0
329,REMIND-MAgPIE 1.7-3.0,NPi2020_400_v3,Central Asia,Fossils,EJ/yr,2100,0.0001229845582,0.0,0.0,0.0
330,REMIND-MAgPIE 1.7-3.0,NPi2020_400_v3,Central Asia,Renewables,EJ/yr,2010,0.974967005666,0.0,0.0,0.0
331,REMIND-MAgPIE 1.7-3.0,NPi2020_400_v3,Central Asia,Renewables,EJ/yr,2020,1.0210439915716,0.0,0.0,0.0
332,REMIND-MAgPIE 1.7-3.0,NPi2020_400_v3,Central Asia,Renewables,EJ/yr,2030,3.277098216524,4.967328144700001,0.11081987199999999,94.9218519834
333,REMIND-MAgPIE 1.7-3.0,NPi2020_400_v3,Central Asia,Renewables,EJ/yr,2040,6.0534775179508005,4.6789887944999995,0.0,95.32101120549999
334,REMIND-MAgPIE 1.7-3.0,NPi2020_400_v3,Central Asia,Renewables,EJ/yr,2050,7.891232084733098,3.913177575,0.0,96.086822425
335,REMIND-MAgPIE 1.7-3.0,NPi2020_400_v3,Central Asia,Renewables,EJ/yr,2060,10.308452036018302,4.3174620291000005,0.0,95.6825379709
336,REMIND-MAgPIE 1.7-3.0,NPi2020_400_v3,Central Asia,Renewables,EJ/yr,2070,14.1181634787,3.8730619201,0.0,96.1269380799
337,REMIND-MAgPIE 1.7-3.0,NPi2020_400_v3,Central Asia,Renewables,EJ/yr,2080,16.5161815625,3.2973803277999996,0.0,96.70261967219999
338,REMIND-MAgPIE 1.7-3.0,NPi2020_400_v3,Central Asia,Renewables,EJ/yr,2090,18.4710054891,3.3698285521,0.0,96.63017144790001
339,REMIND-MAgPIE 1.7-3.0,NPi2020_400_v3,Central Asia,Renewables,EJ/yr,2100,20.2016681144,3.6902974539,0.0,96.30970254610001
340,REMIND-MAgPIE 1.7-3.0,NPi2020_400_v3,OECD90 + EU,Fossils,EJ/yr,2010,20.760738306700002,0.0,0.0,0.0
341,REMIND-MAgPIE 1.7-3.0,NPi2020_400_v3,OECD90 + EU,Fossils,EJ/yr,2020,22.399548332,0.0,0.0,0.0
342,REMIND-MAgPIE 1.7-3.0,NPi2020_400_v3,OECD90 + EU,Fossils,EJ/yr,2030,19.9406353314,1.0630565059000001,83.3059555013,15.6309879927
343,REMIND-MAgPIE 1.7-3.0,NPi2020_400_v3,OECD90 + EU,Fossils,EJ/yr,2040,19.855305037870004,1.123904222,84.1278689672,14.748226810799999
344,REMIND-MAgPIE 1.7-3.0,NPi2020_400_v3,OECD90 + EU,Fossils,EJ/yr,2050,17.45328052136,0.4875665126,91.9796288116,7.5328046757000005
345,REMIND-MAgPIE 1.7-3.0,NPi2020_400_v3,OECD90 + EU,Fossils,EJ/yr,2060,11.873868959524502,0.3425479233,95.32470993209999,4.3327421447
346,REMIND-MAgPIE 1.7-3.0,NPi2020_400_v3,OECD90 + EU,Fossils,EJ/yr,2070,5.0310223242499985,0.2446480327,96.6063177998,3.1490341675
347,REMIND-MAgPIE 1.7-3.0,NPi2020_400_v3,OECD90 + EU,Fossils,EJ/yr,2080,1.142906475983,0.2404692698,96.7145968807,3.0449338495
348,REMIND-MAgPIE 1.7-3.0,NPi2020_400_v3,OECD90 + EU,Fossils,EJ/yr,2090,0.09197292236759999,0.3013309945,95.9436322609,3.7550367446
349,REMIND-MAgPIE 1.7-3.0,NPi2020_400_v3,OECD90 + EU,Fossils,EJ/yr,2100,0.0191141144276,0.22277726309999998,97.0574657122,2.7197570247000002
350,REMIND-MAgPIE 1.7-3.0,NPi2020_400_v3,OECD90 + EU,Renewables,EJ/yr,2010,6.8806704476,0.0,0.0,0.0
351,REMIND-MAgPIE 1.7-3.0,NPi2020_400_v3,OECD90 + EU,Renewables,EJ/yr,2020,11.4173063635,0.0,0.0,0.0
352,REMIND-MAgPIE 1.7-3.0,NPi2020_400_v3,OECD90 + EU,Renewables,EJ/yr,2030,15.977318996800001,4.3038070646,0.355381159,95.34081177649999
353,REMIND-MAgPIE 1.7-3.0,NPi2020_400_v3,OECD90 + EU,Renewables,EJ/yr,2040,24.018227404,4.2761277302,0.0,95.7238722698
354,REMIND-MAgPIE 1.7-3.0,NPi2020_400_v3,OECD90 + EU,Renewables,EJ/yr,2050,32.756907125,3.3111283220999996,0.397376286,96.2914953919
355,REMIND-MAgPIE 1.7-3.0,NPi2020_400_v3,OECD90 + EU,Renewables,EJ/yr,2060,49.078336218000004,3.3484096156,0.0,96.65159038440001
356,REMIND-MAgPIE 1.7-3.0,NPi2020_400_v3,OECD90 + EU,Renewables,EJ/yr,2070,68.990874144,3.2007631161,0.24457778859999998,96.55465909530001
357,REMIND-MAgPIE 1.7-3.0,NPi2020_400_v3,OECD90 + EU,Renewables,EJ/yr,2080,80.874278784,3.0402904674,0.0,96.9597095326
358,REMIND-MAgPIE 1.7-3.0,NPi2020_400_v3,OECD90 + EU,Renewables,EJ/yr,2090,92.79974742600001,3.0461001002,0.5413292403,96.4125706595
359,REMIND-MAgPIE 1.7-3.0,NPi2020_400_v3,OECD90 + EU,Renewables,EJ/yr,2100,103.235302892,3.2301608469,0.0,96.7698391531
